Honorific Title,First Name,Last Name,Constituency,Province / Territory,Political Affiliation,Start Date,End Date
,Ziad,Aboultaif,Edmonton Manning,Alberta,Conservative,2021-09-20 12:00:00 AM,
,Scott,Aitchison,Parry Sound—Muskoka,Ontario,Conservative,2021-09-20 12:00:00 AM,
,Dan,Albas,Central Okanagan—Similkameen—Nicola,British Columbia,Conservative,2021-09-20 12:00:00 AM,
,John,Aldag,Cloverdale—Langley City,British Columbia,Liberal,2021-09-20 12:00:00 AM,
Hon.,Omar,Alghabra,Mississauga Centre,Ontario,Liberal,2021-09-20 12:00:00 AM,
,Shafqat,Ali,Brampton Centre,Ontario,Liberal,2021-09-20 12:00:00 AM,
,Dean,Allison,Niagara West,Ontario,Conservative,2021-09-20 12:00:00 AM,
Hon.,Anita,Anand,Oakville,Ontario,Liberal,2021-09-20 12:00:00 AM,
Hon.,Gary,Anandasangaree,Scarborough—Rouge Park,Ontario,Liberal,2021-09-20 12:00:00 AM,
,Charlie,Angus,Timmins—James Bay,Ontario,NDP,2021-09-20 12:00:00 AM,
,Mel,Arnold,North Okanagan—Shuswap,British Columbia,Conservative,2021-09-20 12:00:00 AM,
,René,Arseneault,Madawaska—Restigouche,New Brunswick,Liberal,2021-09-20 12:00:00 AM,
,Chandra,Arya,Nepean,Ontario,Liberal,2021-09-20 12:00:00 AM,
,Niki,Ashton,Churchill—Keewatinook Aski,Manitoba,NDP,2021-09-20 12:00:00 AM,
,Jenica,Atwin,Fredericton,New Brunswick,Liberal,2021-09-20 12:00:00 AM,
,Taylor,Bachrach,Skeena—Bulkley Valley,British Columbia,NDP,2021-09-20 12:00:00 AM,
,Vance,Badawey,Niagara Centre,Ontario,Liberal,2021-09-20 12:00:00 AM,
,Parm,Bains,Steveston—Richmond East,British Columbia,Liberal,2021-09-20 12:00:00 AM,
,Yvan,Baker,Etobicoke Centre,Ontario,Liberal,2021-09-20 12:00:00 AM,
,Tony,Baldinelli,Niagara Falls,Ontario,Conservative,2021-09-20 12:00:00 AM,
,John,Barlow,Foothills,Alberta,Conservative,2021-09-20 12:00:00 AM,
,Michael,Barrett,Leeds—Grenville—Thousand Islands and Rideau Lakes,Ontario,Conservative,2021-09-20 12:00:00 AM,
,Lisa Marie,Barron,Nanaimo—Ladysmith,British Columbia,NDP,2021-09-20 12:00:00 AM,
,Xavier,Barsalou-Duval,Pierre-Boucher—Les Patriotes—Verchères,Quebec,Bloc Québécois,2021-09-20 12:00:00 AM,
,Jaime,Battiste,Sydney—Victoria,Nova Scotia,Liberal,2021-09-20 12:00:00 AM,
,Mario,Beaulieu,La Pointe-de-l'Île,Quebec,Bloc Québécois,2021-09-20 12:00:00 AM,
Hon.,Terry,Beech,Burnaby North—Seymour,British Columbia,Liberal,2021-09-20 12:00:00 AM,
,Rachel,Bendayan,Outremont,Quebec,Liberal,2021-09-20 12:00:00 AM,
Hon.,Carolyn,Bennett,Toronto—St. Paul's,Ontario,Liberal,2021-09-20 12:00:00 AM,
,Stéphane,Bergeron,Montarville,Quebec,Bloc Québécois,2021-09-20 12:00:00 AM,
,Luc,Berthold,Mégantic—L'Érable,Quebec,Conservative,2021-09-20 12:00:00 AM,
,Sylvie,Bérubé,Abitibi—Baie-James—Nunavik—Eeyou,Quebec,Bloc Québécois,2021-09-20 12:00:00 AM,
,James,Bezan,Selkirk—Interlake—Eastman,Manitoba,Conservative,2021-09-20 12:00:00 AM,
Hon.,Marie-Claude,Bibeau,Compton—Stanstead,Quebec,Liberal,2021-09-20 12:00:00 AM,
,Chris,Bittle,St. Catharines,Ontario,Liberal,2021-09-20 12:00:00 AM,
,Daniel,Blaikie,Elmwood—Transcona,Manitoba,NDP,2021-09-20 12:00:00 AM,
Hon.,Bill,Blair,Scarborough Southwest,Ontario,Liberal,2021-09-20 12:00:00 AM,
,Yves-François,Blanchet,Beloeil—Chambly,Quebec,Bloc Québécois,2021-09-20 12:00:00 AM,
,Maxime,Blanchette-Joncas,Rimouski-Neigette—Témiscouata—Les Basques,Quebec,Bloc Québécois,2021-09-20 12:00:00 AM,
,Rachel,Blaney,North Island—Powell River,British Columbia,NDP,2021-09-20 12:00:00 AM,
,Kelly,Block,Carlton Trail—Eagle Creek,Saskatchewan,Conservative,2021-09-20 12:00:00 AM,
,Kody,Blois,Kings—Hants,Nova Scotia,Liberal,2021-09-20 12:00:00 AM,
Hon.,Randy,Boissonnault,Edmonton Centre,Alberta,Liberal,2021-09-20 12:00:00 AM,
,Alexandre,Boulerice,Rosemont—La Petite-Patrie,Quebec,NDP,2021-09-20 12:00:00 AM,
,Valerie,Bradford,Kitchener South—Hespeler,Ontario,Liberal,2021-09-20 12:00:00 AM,
,Richard,Bragdon,Tobique—Mactaquac,New Brunswick,Conservative,2021-09-20 12:00:00 AM,
,John,Brassard,Barrie—Innisfil,Ontario,Conservative,2021-09-20 12:00:00 AM,
,Élisabeth,Brière,Sherbrooke,Quebec,Liberal,2021-09-20 12:00:00 AM,
,Larry,Brock,Brantford—Brant,Ontario,Conservative,2021-09-20 12:00:00 AM,
,Alexis,Brunelle-Duceppe,Lac-Saint-Jean,Quebec,Bloc Québécois,2021-09-20 12:00:00 AM,
,Blaine,Calkins,Red Deer—Lacombe,Alberta,Conservative,2021-09-20 12:00:00 AM,
,Richard,Cannings,South Okanagan—West Kootenay,British Columbia,NDP,2021-09-20 12:00:00 AM,
,Frank,Caputo,Kamloops—Thompson—Cariboo,British Columbia,Conservative,2021-09-20 12:00:00 AM,
,Ben,Carr,Winnipeg South Centre,Manitoba,Liberal,2023-06-19 12:00:00 AM,
,Colin,Carrie,Oshawa,Ontario,Conservative,2021-09-20 12:00:00 AM,
,Sean,Casey,Charlottetown,Prince Edward Island,Liberal,2021-09-20 12:00:00 AM,
,Louise,Chabot,Thérèse-De Blainville,Quebec,Bloc Québécois,2021-09-20 12:00:00 AM,
Hon.,Bardish,Chagger,Waterloo,Ontario,Liberal,2021-09-20 12:00:00 AM,
,George,Chahal,Calgary Skyview,Alberta,Liberal,2021-09-20 12:00:00 AM,
,Adam,Chambers,Simcoe North,Ontario,Conservative,2021-09-20 12:00:00 AM,
Hon.,François-Philippe,Champagne,Saint-Maurice—Champlain,Quebec,Liberal,2021-09-20 12:00:00 AM,
,Martin,Champoux,Drummond,Quebec,Bloc Québécois,2021-09-20 12:00:00 AM,
,Sophie,Chatel,Pontiac,Quebec,Liberal,2021-09-20 12:00:00 AM,
,Shaun,Chen,Scarborough North,Ontario,Liberal,2021-09-20 12:00:00 AM,
,Paul,Chiang,Markham—Unionville,Ontario,Liberal,2021-09-20 12:00:00 AM,
Hon.,Michael,Chong,Wellington—Halton Hills,Ontario,Conservative,2021-09-20 12:00:00 AM,
,Chad,Collins,Hamilton East—Stoney Creek,Ontario,Liberal,2021-09-20 12:00:00 AM,
,Laurel,Collins,Victoria,British Columbia,NDP,2021-09-20 12:00:00 AM,
,Michael,Cooper,St. Albert—Edmonton,Alberta,Conservative,2021-09-20 12:00:00 AM,
,Serge,Cormier,Acadie—Bathurst,New Brunswick,Liberal,2021-09-20 12:00:00 AM,
,Michael,Coteau,Don Valley East,Ontario,Liberal,2021-09-20 12:00:00 AM,
,Julie,Dabrusin,Toronto—Danforth,Ontario,Liberal,2021-09-20 12:00:00 AM,
,Marc,Dalton,Pitt Meadows—Maple Ridge,British Columbia,Conservative,2021-09-20 12:00:00 AM,
,Pam,Damoff,Oakville North—Burlington,Ontario,Liberal,2021-09-20 12:00:00 AM,
,Raquel,Dancho,Kildonan—St. Paul,Manitoba,Conservative,2021-09-20 12:00:00 AM,
,Scot,Davidson,York—Simcoe,Ontario,Conservative,2021-09-20 12:00:00 AM,
,Don,Davies,Vancouver Kingsway,British Columbia,NDP,2021-09-20 12:00:00 AM,
,Claude,DeBellefeuille,Salaberry—Suroît,Quebec,Bloc Québécois,2021-09-20 12:00:00 AM,
,Gérard,Deltell,Louis-Saint-Laurent,Quebec,Conservative,2021-09-20 12:00:00 AM,
,Chris,d'Entremont,West Nova,Nova Scotia,Conservative,2021-09-20 12:00:00 AM,
,Caroline,Desbiens,Beauport—Côte-de-Beaupré—Île d'Orléans—Charlevoix,Quebec,Bloc Québécois,2021-09-20 12:00:00 AM,
,Luc,Desilets,Rivière-des-Mille-Îles,Quebec,Bloc Québécois,2021-09-20 12:00:00 AM,
,Blake,Desjarlais,Edmonton Griesbach,Alberta,NDP,2021-09-20 12:00:00 AM,
,Sukh,Dhaliwal,Surrey—Newton,British Columbia,Liberal,2021-09-20 12:00:00 AM,
,Anju,Dhillon,Dorval—Lachine—LaSalle,Quebec,Liberal,2021-09-20 12:00:00 AM,
,Lena Metlege,Diab,Halifax West,Nova Scotia,Liberal,2021-09-20 12:00:00 AM,
,Todd,Doherty,Cariboo—Prince George,British Columbia,Conservative,2021-09-20 12:00:00 AM,
,Han,Dong,Don Valley North,Ontario,Independent,2021-09-20 12:00:00 AM,
,Terry,Dowdall,Simcoe—Grey,Ontario,Conservative,2021-09-20 12:00:00 AM,
,Earl,Dreeshen,Red Deer—Mountain View,Alberta,Conservative,2021-09-20 12:00:00 AM,
,Francis,Drouin,Glengarry—Prescott—Russell,Ontario,Liberal,2021-09-20 12:00:00 AM,
,Emmanuel,Dubourg,Bourassa,Quebec,Liberal,2021-09-20 12:00:00 AM,
Hon.,Jean-Yves,Duclos,Québec,Quebec,Liberal,2021-09-20 12:00:00 AM,
,Terry,Duguid,Winnipeg South,Manitoba,Liberal,2021-09-20 12:00:00 AM,
,Eric,Duncan,Stormont—Dundas—South Glengarry,Ontario,Conservative,2021-09-20 12:00:00 AM,
Hon.,Kirsty,Duncan,Etobicoke North,Ontario,Liberal,2021-09-20 12:00:00 AM,
,Julie,Dzerowicz,Davenport,Ontario,Liberal,2021-09-20 12:00:00 AM,
,Ali,Ehsassi,Willowdale,Ontario,Liberal,2021-09-20 12:00:00 AM,
,Fayçal,El-Khoury,Laval—Les Îles,Quebec,Liberal,2021-09-20 12:00:00 AM,
,Stephen,Ellis,Cumberland—Colchester,Nova Scotia,Conservative,2021-09-20 12:00:00 AM,
,Dave,Epp,Chatham-Kent—Leamington,Ontario,Conservative,2021-09-20 12:00:00 AM,
,Nathaniel,Erskine-Smith,Beaches—East York,Ontario,Liberal,2021-09-20 12:00:00 AM,
,Rosemarie,Falk,Battlefords—Lloydminster,Saskatchewan,Conservative,2021-09-20 12:00:00 AM,
,Ted,Falk,Provencher,Manitoba,Conservative,2021-09-20 12:00:00 AM,
Hon.,Ed,Fast,Abbotsford,British Columbia,Conservative,2021-09-20 12:00:00 AM,
Hon.,Greg,Fergus,Hull—Aylmer,Quebec,Liberal,2021-09-20 12:00:00 AM,
,Michelle,Ferreri,Peterborough—Kawartha,Ontario,Conservative,2021-09-20 12:00:00 AM,
,Andy,Fillmore,Halifax,Nova Scotia,Liberal,2021-09-20 12:00:00 AM,
Hon.,Kerry-Lynne,Findlay,South Surrey—White Rock,British Columbia,Conservative,2021-09-20 12:00:00 AM,
,Darren,Fisher,Dartmouth—Cole Harbour,Nova Scotia,Liberal,2021-09-20 12:00:00 AM,
,Peter,Fonseca,Mississauga East—Cooksville,Ontario,Liberal,2021-09-20 12:00:00 AM,
Hon.,Mona,Fortier,Ottawa—Vanier,Ontario,Liberal,2021-09-20 12:00:00 AM,
,Rhéal Éloi,Fortin,Rivière-du-Nord,Quebec,Bloc Québécois,2021-09-20 12:00:00 AM,
,Peter,Fragiskatos,London North Centre,Ontario,Liberal,2021-09-20 12:00:00 AM,
Hon.,Sean,Fraser,Central Nova,Nova Scotia,Liberal,2021-09-20 12:00:00 AM,
Hon.,Chrystia,Freeland,University—Rosedale,Ontario,Liberal,2021-09-20 12:00:00 AM,
Hon.,Hedy,Fry,Vancouver Centre,British Columbia,Liberal,2021-09-20 12:00:00 AM,
,Iqwinder,Gaheer,Mississauga—Malton,Ontario,Liberal,2021-09-20 12:00:00 AM,
,Anna,Gainey,Notre-Dame-de-Grâce—Westmount,Quebec,Liberal,2023-06-19 12:00:00 AM,
,Cheryl,Gallant,Renfrew—Nipissing—Pembroke,Ontario,Conservative,2021-09-20 12:00:00 AM,
,Jean-Denis,Garon,Mirabel,Quebec,Bloc Québécois,2021-09-20 12:00:00 AM,
,Randall,Garrison,Esquimalt—Saanich—Sooke,British Columbia,NDP,2021-09-20 12:00:00 AM,
,Marie-Hélène,Gaudreau,Laurentides—Labelle,Quebec,Bloc Québécois,2021-09-20 12:00:00 AM,
,Leah,Gazan,Winnipeg Centre,Manitoba,NDP,2021-09-20 12:00:00 AM,
,Bernard,Généreux,Montmagny—L'Islet—Kamouraska—Rivière-du-Loup,Quebec,Conservative,2021-09-20 12:00:00 AM,
,Garnett,Genuis,Sherwood Park—Fort Saskatchewan,Alberta,Conservative,2021-09-20 12:00:00 AM,
,Mark,Gerretsen,Kingston and the Islands,Ontario,Liberal,2021-09-20 12:00:00 AM,
,Marilène,Gill,Manicouagan,Quebec,Bloc Québécois,2021-09-20 12:00:00 AM,
,Marilyn,Gladu,Sarnia—Lambton,Ontario,Conservative,2021-09-20 12:00:00 AM,
,Joël,Godin,Portneuf—Jacques-Cartier,Quebec,Conservative,2021-09-20 12:00:00 AM,
,Laila,Goodridge,Fort McMurray—Cold Lake,Alberta,Conservative,2021-09-20 12:00:00 AM,
Hon.,Karina,Gould,Burlington,Ontario,Liberal,2021-09-20 12:00:00 AM,
,Jacques,Gourde,Lévis—Lotbinière,Quebec,Conservative,2021-09-20 12:00:00 AM,
,Tracy,Gray,Kelowna—Lake Country,British Columbia,Conservative,2021-09-20 12:00:00 AM,
,Matthew,Green,Hamilton Centre,Ontario,NDP,2021-09-20 12:00:00 AM,
Hon.,Steven,Guilbeault,Laurier—Sainte-Marie,Quebec,Liberal,2021-09-20 12:00:00 AM,
Hon.,Patty,Hajdu,Thunder Bay—Superior North,Ontario,Liberal,2021-09-20 12:00:00 AM,
,Jasraj Singh,Hallan,Calgary Forest Lawn,Alberta,Conservative,2021-09-20 12:00:00 AM,
,Brendan,Hanley,Yukon,Yukon,Liberal,2021-09-20 12:00:00 AM,
,Ken,Hardie,Fleetwood—Port Kells,British Columbia,Liberal,2021-09-20 12:00:00 AM,
,Lisa,Hepfner,Hamilton Mountain,Ontario,Liberal,2021-09-20 12:00:00 AM,
,Randy,Hoback,Prince Albert,Saskatchewan,Conservative,2021-09-20 12:00:00 AM,
Hon.,Mark,Holland,Ajax,Ontario,Liberal,2021-09-20 12:00:00 AM,
,Anthony,Housefather,Mount Royal,Quebec,Liberal,2021-09-20 12:00:00 AM,
,Carol,Hughes,Algoma—Manitoulin—Kapuskasing,Ontario,NDP,2021-09-20 12:00:00 AM,
Hon.,Ahmed,Hussen,York South—Weston,Ontario,Liberal,2021-09-20 12:00:00 AM,
Hon.,Gudie,Hutchings,Long Range Mountains,Newfoundland and Labrador,Liberal,2021-09-20 12:00:00 AM,
,Angelo,Iacono,Alfred-Pellan,Quebec,Liberal,2021-09-20 12:00:00 AM,
,Lori,Idlout,Nunavut,Nunavut,NDP,2021-09-20 12:00:00 AM,
Hon.,Marci,Ien,Toronto Centre,Ontario,Liberal,2021-09-20 12:00:00 AM,
Hon.,Helena,Jaczek,Markham—Stouffville,Ontario,Liberal,2021-09-20 12:00:00 AM,
,Matt,Jeneroux,Edmonton Riverbend,Alberta,Conservative,2021-09-20 12:00:00 AM,
,Gord,Johns,Courtenay—Alberni,British Columbia,NDP,2021-09-20 12:00:00 AM,
Hon.,Mélanie,Joly,Ahuntsic-Cartierville,Quebec,Liberal,2021-09-20 12:00:00 AM,
,Yvonne,Jones,Labrador,Newfoundland and Labrador,Liberal,2021-09-20 12:00:00 AM,
,Majid,Jowhari,Richmond Hill,Ontario,Liberal,2021-09-20 12:00:00 AM,
,Peter,Julian,New Westminster—Burnaby,British Columbia,NDP,2021-09-20 12:00:00 AM,
,Arielle,Kayabaga,London West,Ontario,Liberal,2021-09-20 12:00:00 AM,
,Mike,Kelloway,Cape Breton—Canso,Nova Scotia,Liberal,2021-09-20 12:00:00 AM,
,Pat,Kelly,Calgary Rocky Ridge,Alberta,Conservative,2021-09-20 12:00:00 AM,
,Iqra,Khalid,Mississauga—Erin Mills,Ontario,Liberal,2021-09-20 12:00:00 AM,
,Arpan,Khanna,Oxford,Ontario,Conservative,2023-06-19 12:00:00 AM,
Hon.,Kamal,Khera,Brampton West,Ontario,Liberal,2021-09-20 12:00:00 AM,
,Robert,Kitchen,Souris—Moose Mountain,Saskatchewan,Conservative,2021-09-20 12:00:00 AM,
,Tom,Kmiec,Calgary Shepard,Alberta,Conservative,2021-09-20 12:00:00 AM,
,Annie,Koutrakis,Vimy,Quebec,Liberal,2021-09-20 12:00:00 AM,
,Michael,Kram,Regina—Wascana,Saskatchewan,Conservative,2021-09-20 12:00:00 AM,
,Shelby,Kramp-Neuman,Hastings—Lennox and Addington,Ontario,Conservative,2021-09-20 12:00:00 AM,
,Damien,Kurek,Battle River—Crowfoot,Alberta,Conservative,2021-09-20 12:00:00 AM,
,Stephanie,Kusie,Calgary Midnapore,Alberta,Conservative,2021-09-20 12:00:00 AM,
,Irek,Kusmierczyk,Windsor—Tecumseh,Ontario,Liberal,2021-09-20 12:00:00 AM,
,Jenny,Kwan,Vancouver East,British Columbia,NDP,2021-09-20 12:00:00 AM,
Hon.,Mike,Lake,Edmonton—Wetaskiwin,Alberta,Conservative,2021-09-20 12:00:00 AM,
,Marie-France,Lalonde,Orléans,Ontario,Liberal,2021-09-20 12:00:00 AM,
,Emmanuella,Lambropoulos,Saint-Laurent,Quebec,Liberal,2021-09-20 12:00:00 AM,
Hon.,David,Lametti,LaSalle—Émard—Verdun,Quebec,Liberal,2021-09-20 12:00:00 AM,
,Kevin,Lamoureux,Winnipeg North,Manitoba,Liberal,2021-09-20 12:00:00 AM,
,Melissa,Lantsman,Thornhill,Ontario,Conservative,2021-09-20 12:00:00 AM,
,Viviane,Lapointe,Sudbury,Ontario,Liberal,2021-09-20 12:00:00 AM,
,Andréanne,Larouche,Shefford,Quebec,Bloc Québécois,2021-09-20 12:00:00 AM,
,Patricia,Lattanzio,Saint-Léonard—Saint-Michel,Quebec,Liberal,2021-09-20 12:00:00 AM,
,Stéphane,Lauzon,Argenteuil—La Petite-Nation,Quebec,Liberal,2021-09-20 12:00:00 AM,
,Philip,Lawrence,Northumberland—Peterborough South,Ontario,Conservative,2021-09-20 12:00:00 AM,
Hon.,Dominic,LeBlanc,Beauséjour,New Brunswick,Liberal,2021-09-20 12:00:00 AM,
Hon.,Diane,Lebouthillier,Gaspésie—Les Îles-de-la-Madeleine,Quebec,Liberal,2021-09-20 12:00:00 AM,
,Richard,Lehoux,Beauce,Quebec,Conservative,2021-09-20 12:00:00 AM,
,Sébastien,Lemire,Abitibi—Témiscamingue,Quebec,Bloc Québécois,2021-09-20 12:00:00 AM,
,Branden,Leslie,Portage—Lisgar,Manitoba,Conservative,2023-06-19 12:00:00 AM,
,Chris,Lewis,Essex,Ontario,Conservative,2021-09-20 12:00:00 AM,
,Leslyn,Lewis,Haldimand—Norfolk,Ontario,Conservative,2021-09-20 12:00:00 AM,
,Ron,Liepert,Calgary Signal Hill,Alberta,Conservative,2021-09-20 12:00:00 AM,
,Joël,Lightbound,Louis-Hébert,Quebec,Liberal,2021-09-20 12:00:00 AM,
,Dane,Lloyd,Sturgeon River—Parkland,Alberta,Conservative,2021-09-20 12:00:00 AM,
,Ben,Lobb,Huron—Bruce,Ontario,Conservative,2021-09-20 12:00:00 AM,
,Wayne,Long,Saint John—Rothesay,New Brunswick,Liberal,2021-09-20 12:00:00 AM,
,Lloyd,Longfield,Guelph,Ontario,Liberal,2021-09-20 12:00:00 AM,
,Tim,Louis,Kitchener—Conestoga,Ontario,Liberal,2021-09-20 12:00:00 AM,
Hon.,Lawrence,MacAulay,Cardigan,Prince Edward Island,Liberal,2021-09-20 12:00:00 AM,
,Heath,MacDonald,Malpeque,Prince Edward Island,Liberal,2021-09-20 12:00:00 AM,
,Alistair,MacGregor,Cowichan—Malahat—Langford,British Columbia,NDP,2021-09-20 12:00:00 AM,
Hon.,Steven,MacKinnon,Gatineau,Quebec,Liberal,2021-09-20 12:00:00 AM,
,Larry,Maguire,Brandon—Souris,Manitoba,Conservative,2021-09-20 12:00:00 AM,
,Shuvaloy,Majumdar,Calgary Heritage,Alberta,Conservative,2023-07-24 12:00:00 AM,
,James,Maloney,Etobicoke—Lakeshore,Ontario,Liberal,2021-09-20 12:00:00 AM,
,Richard,Martel,Chicoutimi—Le Fjord,Quebec,Conservative,2021-09-20 12:00:00 AM,
Hon.,Soraya,Martinez Ferrada,Hochelaga,Quebec,Liberal,2021-09-20 12:00:00 AM,
,Brian,Masse,Windsor West,Ontario,NDP,2021-09-20 12:00:00 AM,
,Lindsay,Mathyssen,London—Fanshawe,Ontario,NDP,2021-09-20 12:00:00 AM,
,Bryan,May,Cambridge,Ontario,Liberal,2021-09-20 12:00:00 AM,
,Elizabeth,May,Saanich—Gulf Islands,British Columbia,Green Party,2021-09-20 12:00:00 AM,
,Dan,Mazier,Dauphin—Swan River—Neepawa,Manitoba,Conservative,2021-09-20 12:00:00 AM,
,Kelly,McCauley,Edmonton West,Alberta,Conservative,2021-09-20 12:00:00 AM,
,Ken,McDonald,Avalon,Newfoundland and Labrador,Liberal,2021-09-20 12:00:00 AM,
Hon.,David,McGuinty,Ottawa South,Ontario,Liberal,2021-09-20 12:00:00 AM,
Hon.,John,McKay,Scarborough—Guildwood,Ontario,Liberal,2021-09-20 12:00:00 AM,
,Ron,McKinnon,Coquitlam—Port Coquitlam,British Columbia,Liberal,2021-09-20 12:00:00 AM,
,Greg,McLean,Calgary Centre,Alberta,Conservative,2021-09-20 12:00:00 AM,
,Michael,McLeod,Northwest Territories,Northwest Territories,Liberal,2021-09-20 12:00:00 AM,
,Heather,McPherson,Edmonton Strathcona,Alberta,NDP,2021-09-20 12:00:00 AM,
,Eric,Melillo,Kenora,Ontario,Conservative,2021-09-20 12:00:00 AM,
,Alexandra,Mendès,Brossard—Saint-Lambert,Quebec,Liberal,2021-09-20 12:00:00 AM,
Hon.,Marco,Mendicino,Eglinton—Lawrence,Ontario,Liberal,2021-09-20 12:00:00 AM,
,Wilson,Miao,Richmond Centre,British Columbia,Liberal,2021-09-20 12:00:00 AM,
,Kristina,Michaud,Avignon—La Mitis—Matane—Matapédia,Quebec,Bloc Québécois,2021-09-20 12:00:00 AM,
Hon.,Marc,Miller,Ville-Marie—Le Sud-Ouest—Île-des-Soeurs,Quebec,Liberal,2021-09-20 12:00:00 AM,
Hon.,Rob,Moore,Fundy Royal,New Brunswick,Conservative,2021-09-20 12:00:00 AM,
,Marty,Morantz,Charleswood—St. James—Assiniboia—Headingley,Manitoba,Conservative,2021-09-20 12:00:00 AM,
,Mike,Morrice,Kitchener Centre,Ontario,Green Party,2021-09-20 12:00:00 AM,
,Rob,Morrison,Kootenay—Columbia,British Columbia,Conservative,2021-09-20 12:00:00 AM,
,Robert,Morrissey,Egmont,Prince Edward Island,Liberal,2021-09-20 12:00:00 AM,
,Glen,Motz,Medicine Hat—Cardston—Warner,Alberta,Conservative,2021-09-20 12:00:00 AM,
Hon.,Joyce,Murray,Vancouver Quadra,British Columbia,Liberal,2021-09-20 12:00:00 AM,
,Dan,Muys,Flamborough—Glanbrook,Ontario,Conservative,2021-09-20 12:00:00 AM,
,Yasir,Naqvi,Ottawa Centre,Ontario,Liberal,2021-09-20 12:00:00 AM,
,John,Nater,Perth—Wellington,Ontario,Conservative,2021-09-20 12:00:00 AM,
Hon.,Mary,Ng,Markham—Thornhill,Ontario,Liberal,2021-09-20 12:00:00 AM,
,Taleeb,Noormohamed,Vancouver Granville,British Columbia,Liberal,2021-09-20 12:00:00 AM,
,Christine,Normandin,Saint-Jean,Quebec,Bloc Québécois,2021-09-20 12:00:00 AM,
,Jennifer,O'Connell,Pickering—Uxbridge,Ontario,Liberal,2021-09-20 12:00:00 AM,
Hon.,Robert,Oliphant,Don Valley West,Ontario,Liberal,2021-09-20 12:00:00 AM,
Hon.,Seamus,O'Regan,St. John's South—Mount Pearl,Newfoundland and Labrador,Liberal,2021-09-20 12:00:00 AM,
,Jeremy,Patzer,Cypress Hills—Grasslands,Saskatchewan,Conservative,2021-09-20 12:00:00 AM,
,Pierre,Paul-Hus,Charlesbourg—Haute-Saint-Charles,Quebec,Conservative,2021-09-20 12:00:00 AM,
,Monique,Pauzé,Repentigny,Quebec,Bloc Québécois,2021-09-20 12:00:00 AM,
,Rick,Perkins,South Shore—St. Margarets,Nova Scotia,Conservative,2021-09-20 12:00:00 AM,
,Yves,Perron,Berthier—Maskinongé,Quebec,Bloc Québécois,2021-09-20 12:00:00 AM,
Hon.,Ginette,Petitpas Taylor,Moncton—Riverview—Dieppe,New Brunswick,Liberal,2021-09-20 12:00:00 AM,
,Louis,Plamondon,Bécancour—Nicolet—Saurel,Quebec,Bloc Québécois,2021-09-20 12:00:00 AM,
Hon.,Pierre,Poilievre,Carleton,Ontario,Conservative,2021-09-20 12:00:00 AM,
,Marcus,Powlowski,Thunder Bay—Rainy River,Ontario,Liberal,2021-09-20 12:00:00 AM,
Hon.,Carla,Qualtrough,Delta,British Columbia,Liberal,2021-09-20 12:00:00 AM,
,Alain,Rayes,Richmond—Arthabaska,Quebec,Independent,2021-09-20 12:00:00 AM,
,Brad,Redekopp,Saskatoon West,Saskatchewan,Conservative,2021-09-20 12:00:00 AM,
,Scott,Reid,Lanark—Frontenac—Kingston,Ontario,Conservative,2021-09-20 12:00:00 AM,
Hon.,Michelle,Rempel Garner,Calgary Nose Hill,Alberta,Conservative,2021-09-20 12:00:00 AM,
,Blake,Richards,Banff—Airdrie,Alberta,Conservative,2021-09-20 12:00:00 AM,
,Anna,Roberts,King—Vaughan,Ontario,Conservative,2021-09-20 12:00:00 AM,
,Yves,Robillard,Marc-Aurèle-Fortin,Quebec,Liberal,2021-09-20 12:00:00 AM,
Hon.,Pablo,Rodriguez,Honoré-Mercier,Quebec,Liberal,2021-09-20 12:00:00 AM,
,Churence,Rogers,Bonavista—Burin—Trinity,Newfoundland and Labrador,Liberal,2021-09-20 12:00:00 AM,
,Sherry,Romanado,Longueuil—Charles-LeMoyne,Quebec,Liberal,2021-09-20 12:00:00 AM,
,Lianne,Rood,Lambton—Kent—Middlesex,Ontario,Conservative,2021-09-20 12:00:00 AM,
,Anthony,Rota,Nipissing—Timiskaming,Ontario,Liberal,2021-09-20 12:00:00 AM,
,Alex,Ruff,Bruce—Grey—Owen Sound,Ontario,Conservative,2021-09-20 12:00:00 AM,
,Ruby,Sahota,Brampton North,Ontario,Liberal,2021-09-20 12:00:00 AM,
Hon.,Harjit S.,Sajjan,Vancouver South,British Columbia,Liberal,2021-09-20 12:00:00 AM,
Hon.,Ya'ara,Saks,York Centre,Ontario,Liberal,2021-09-20 12:00:00 AM,
,Darrell,Samson,Sackville—Preston—Chezzetcook,Nova Scotia,Liberal,2021-09-20 12:00:00 AM,
,Randeep,Sarai,Surrey Centre,British Columbia,Liberal,2021-09-20 12:00:00 AM,
,Simon-Pierre,Savard-Tremblay,Saint-Hyacinthe—Bagot,Quebec,Bloc Québécois,2021-09-20 12:00:00 AM,
,Francis,Scarpaleggia,Lac-Saint-Louis,Quebec,Liberal,2021-09-20 12:00:00 AM,
Hon.,Andrew,Scheer,Regina—Qu'Appelle,Saskatchewan,Conservative,2021-09-20 12:00:00 AM,
,Peter,Schiefke,Vaudreuil—Soulanges,Quebec,Liberal,2021-09-20 12:00:00 AM,
,Jamie,Schmale,Haliburton—Kawartha Lakes—Brock,Ontario,Conservative,2021-09-20 12:00:00 AM,
,Kyle,Seeback,Dufferin—Caledon,Ontario,Conservative,2021-09-20 12:00:00 AM,
,Marc,Serré,Nickel Belt,Ontario,Liberal,2021-09-20 12:00:00 AM,
Hon.,Judy A.,Sgro,Humber River—Black Creek,Ontario,Liberal,2021-09-20 12:00:00 AM,
,Brenda,Shanahan,Châteauguay—Lacolle,Quebec,Liberal,2021-09-20 12:00:00 AM,
,Terry,Sheehan,Sault Ste. Marie,Ontario,Liberal,2021-09-20 12:00:00 AM,
,Martin,Shields,Bow River,Alberta,Conservative,2021-09-20 12:00:00 AM,
,Doug,Shipley,Barrie—Springwater—Oro-Medonte,Ontario,Conservative,2021-09-20 12:00:00 AM,
,Maninder,Sidhu,Brampton East,Ontario,Liberal,2021-09-20 12:00:00 AM,
,Sonia,Sidhu,Brampton South,Ontario,Liberal,2021-09-20 12:00:00 AM,
,Mario,Simard,Jonquière,Quebec,Bloc Québécois,2021-09-20 12:00:00 AM,
,Nathalie,Sinclair-Desgagné,Terrebonne,Quebec,Bloc Québécois,2021-09-20 12:00:00 AM,
,Jagmeet,Singh,Burnaby South,British Columbia,NDP,2021-09-20 12:00:00 AM,
,Clifford,Small,Coast of Bays—Central—Notre Dame,Newfoundland and Labrador,Conservative,2021-09-20 12:00:00 AM,
,Francesco,Sorbara,Vaughan—Woodbridge,Ontario,Liberal,2021-09-20 12:00:00 AM,
,Gerald,Soroka,Yellowhead,Alberta,Conservative,2021-09-20 12:00:00 AM,
,Charles,Sousa,Mississauga—Lakeshore,Ontario,Liberal,2022-12-12 12:00:00 AM,
,Warren,Steinley,Regina—Lewvan,Saskatchewan,Conservative,2021-09-20 12:00:00 AM,
,Gabriel,Ste-Marie,Joliette,Quebec,Bloc Québécois,2021-09-20 12:00:00 AM,
,Jake,Stewart,Miramichi—Grand Lake,New Brunswick,Conservative,2021-09-20 12:00:00 AM,
Hon.,Pascale,St-Onge,Brome—Missisquoi,Quebec,Liberal,2021-09-20 12:00:00 AM,
,Mark,Strahl,Chilliwack—Hope,British Columbia,Conservative,2021-09-20 12:00:00 AM,
,Shannon,Stubbs,Lakeland,Alberta,Conservative,2021-09-20 12:00:00 AM,
Hon.,Jenna,Sudds,Kanata—Carleton,Ontario,Liberal,2021-09-20 12:00:00 AM,
Hon.,Filomena,Tassi,Hamilton West—Ancaster—Dundas,Ontario,Liberal,2021-09-20 12:00:00 AM,
,Leah,Taylor Roy,Aurora—Oak Ridges—Richmond Hill,Ontario,Liberal,2021-09-20 12:00:00 AM,
,Luc,Thériault,Montcalm,Quebec,Bloc Québécois,2021-09-20 12:00:00 AM,
,Alain,Therrien,La Prairie,Quebec,Bloc Québécois,2021-09-20 12:00:00 AM,
,Rachael,Thomas,Lethbridge,Alberta,Conservative,2021-09-20 12:00:00 AM,
,Joanne,Thompson,St. John's East,Newfoundland and Labrador,Liberal,2021-09-20 12:00:00 AM,
,Corey,Tochor,Saskatoon—University,Saskatchewan,Conservative,2021-09-20 12:00:00 AM,
,Fraser,Tolmie,Moose Jaw—Lake Centre—Lanigan,Saskatchewan,Conservative,2021-09-20 12:00:00 AM,
Right Hon.,Justin,Trudeau,Papineau,Quebec,Liberal,2021-09-20 12:00:00 AM,
,Denis,Trudel,Longueuil—Saint-Hubert,Quebec,Bloc Québécois,2021-09-20 12:00:00 AM,
,Ryan,Turnbull,Whitby,Ontario,Liberal,2021-09-20 12:00:00 AM,
Hon.,Tim,Uppal,Edmonton Mill Woods,Alberta,Conservative,2021-09-20 12:00:00 AM,
Hon.,Rechie,Valdez,Mississauga—Streetsville,Ontario,Liberal,2021-09-20 12:00:00 AM,
,Tony,Van Bynen,Newmarket—Aurora,Ontario,Liberal,2021-09-20 12:00:00 AM,
,Adam,van Koeverden,Milton,Ontario,Liberal,2021-09-20 12:00:00 AM,
,Tako,Van Popta,Langley—Aldergrove,British Columbia,Conservative,2021-09-20 12:00:00 AM,
Hon.,Dan,Vandal,Saint Boniface—Saint Vital,Manitoba,Liberal,2021-09-20 12:00:00 AM,
,Anita,Vandenbeld,Ottawa West—Nepean,Ontario,Liberal,2021-09-20 12:00:00 AM,
,Karen,Vecchio,Elgin—Middlesex—London,Ontario,Conservative,2021-09-20 12:00:00 AM,
,Gary,Vidal,Desnethé—Missinippi—Churchill River,Saskatchewan,Conservative,2021-09-20 12:00:00 AM,
,Dominique,Vien,Bellechasse—Les Etchemins—Lévis,Quebec,Conservative,2021-09-20 12:00:00 AM,
,Arnold,Viersen,Peace River—Westlock,Alberta,Conservative,2021-09-20 12:00:00 AM,
,Julie,Vignola,Beauport—Limoilou,Quebec,Bloc Québécois,2021-09-20 12:00:00 AM,
,René,Villemure,Trois-Rivières,Quebec,Bloc Québécois,2021-09-20 12:00:00 AM,
Hon.,Arif,Virani,Parkdale—High Park,Ontario,Liberal,2021-09-20 12:00:00 AM,
,Brad,Vis,Mission—Matsqui—Fraser Canyon,British Columbia,Conservative,2021-09-20 12:00:00 AM,
,Kevin,Vuong,Spadina—Fort York,Ontario,Independent,2021-09-20 12:00:00 AM,
,Cathay,Wagantall,Yorkton—Melville,Saskatchewan,Conservative,2021-09-20 12:00:00 AM,
,Chris,Warkentin,Grande Prairie—Mackenzie,Alberta,Conservative,2021-09-20 12:00:00 AM,
,Kevin,Waugh,Saskatoon—Grasswood,Saskatchewan,Conservative,2021-09-20 12:00:00 AM,
,Len,Webber,Calgary Confederation,Alberta,Conservative,2021-09-20 12:00:00 AM,
,Patrick,Weiler,West Vancouver—Sunshine Coast—Sea to Sky Country,British Columbia,Liberal,2021-09-20 12:00:00 AM,
Hon.,Jonathan,Wilkinson,North Vancouver,British Columbia,Liberal,2021-09-20 12:00:00 AM,
,Ryan,Williams,Bay of Quinte,Ontario,Conservative,2021-09-20 12:00:00 AM,
,John,Williamson,New Brunswick Southwest,New Brunswick,Conservative,2021-09-20 12:00:00 AM,
,Jean,Yip,Scarborough—Agincourt,Ontario,Liberal,2021-09-20 12:00:00 AM,
,Salma,Zahid,Scarborough Centre,Ontario,Liberal,2021-09-20 12:00:00 AM,
,Bonita,Zarrillo,Port Moody—Coquitlam,British Columbia,NDP,2021-09-20 12:00:00 AM,
,Bob,Zimmer,Prince George—Peace River—Northern Rockies,British Columbia,Conservative,2021-09-20 12:00:00 AM,
,Sameer,Zuberi,Pierrefonds—Dollard,Quebec,Liberal,2021-09-20 12:00:00 AM,
